{
	"format_version": "1.8.0",
	"animations": {
		"animation.mace.first_person_hold": {
			"loop": true,
			"bones": {
				"root_item": {
					"rotation": [
						177.33579,
						29.33874,
						111.52537
					],
					"position": [
						-1.19051,
						21.57538,
						-2.6966
					]
				},
				"rightitem": {
					"rotation": [
						212.88252,
						-63.20524,
						-242.56846
					],
					"position": [
						-7.5789,
						-1.06088,
						-7.08756
					]
				}
			}
		},
		"animation.mace.third_person_hold": {
			"loop": true,
			"bones": {
				"root_item": {
					"rotation": [
						84.78937,
						56.30348,
						86.5496
					],
					"position": [
						0.5,
						17.63835,
						-0.53047
					],
					"scale": 0.85
				},
				"rightitem": {
					"rotation": [
						0,
						185,
						0
					],
					"position": [
						2,
						-2.84701,
						-10.62519
					]
				}
			}
		}
	}
}